Metric,B0,B1,Delta_B1_minus_B0
Pixel accuracy,0.7708702661965782,0.7929485101387304,0.022078243942152187
Mean IoU,0.2521098137242264,0.32037178081111073,0.06826196708688431
mIoU excl. background,0.2456588419945082,0.31448240744927175,0.06882356545476356
Mean class accuracy,0.3589608616470337,0.43777256777879636,0.07881170613176264
